{
  "areas" : [ 615.362788718949 ], 
  "lengths" : [ 209.444905018474 ]
}
