{
  "geometryType" : "GeometryPoint", 
  
  "geometries" : 
  [
    {
      "x" : -13024380.422813, 
      "y" : 4028802.02613441
    }
  ]
}
